what,kind,bundleId,bundleVersion,description,time
activated,editor,org.eclipse.jdt.ui,3.7.2.v20120109-1427,"org.eclipse.jdt.ui.CompilationUnitEditor",1517664114406
activated,editor,com.soyatec.euml2.free,,"com.soyatec.uml.ClassDiagramEditor",1517664117882
deactivated,workbench,org.eclipse.ui.workbench,3.7.1.v20120104-1859,"",1517664119037
activated,workbench,org.eclipse.ui.workbench,3.7.1.v20120104-1859,"",1517664125611
deactivated,workbench,org.eclipse.ui.workbench,3.7.1.v20120104-1859,"",1517664125931
activated,workbench,org.eclipse.ui.workbench,3.7.1.v20120104-1859,"",1517664426541
closed,editor,org.eclipse.jdt.ui,3.7.2.v20120109-1427,"org.eclipse.jdt.ui.CompilationUnitEditor",1517664431051
closed,editor,org.eclipse.jdt.ui,3.7.2.v20120109-1427,"org.eclipse.jdt.ui.CompilationUnitEditor",1517664433216
activated,editor,org.eclipse.jdt.ui,3.7.2.v20120109-1427,"org.eclipse.jdt.ui.CompilationUnitEditor",1517664434205
deactivated,workbench,org.eclipse.ui.workbench,3.7.1.v20120104-1859,"",1517664445867
activated,workbench,org.eclipse.ui.workbench,3.7.1.v20120104-1859,"",1517664447421
closed,editor,com.soyatec.euml2.free,,"com.soyatec.uml.ClassDiagramEditor",1517664447507
activated,editor,com.soyatec.euml2.free,,"com.soyatec.uml.ClassDiagramEditor",1517664449968
activated,editor,com.soyatec.euml2.free,,"com.soyatec.uml.ClassDiagramEditor",1517664450890
opened,editor,org.eclipse.jdt.ui,3.7.2.v20120109-1427,"org.eclipse.jdt.ui.CompilationUnitEditor",1517664452076
activated,editor,org.eclipse.jdt.ui,3.7.2.v20120109-1427,"org.eclipse.jdt.ui.CompilationUnitEditor",1517664452197
activated,editor,com.soyatec.euml2.free,,"com.soyatec.uml.ClassDiagramEditor",1517664454359
executed,command,org.eclipse.ui,3.7.0.v20110928-1505,"org.eclipse.ui.file.save",1517664458028
activated,editor,org.eclipse.jdt.ui,3.7.2.v20120109-1427,"org.eclipse.jdt.ui.CompilationUnitEditor",1517664460564
activated,editor,org.eclipse.jdt.ui,3.7.2.v20120109-1427,"org.eclipse.jdt.ui.CompilationUnitEditor",1517664468875
executed,command,org.eclipse.ui,3.7.0.v20110928-1505,"org.eclipse.ui.file.save",1517664469756
executed,command,org.eclipse.ui,3.7.0.v20110928-1505,"org.eclipse.ui.file.save",1517664471759
activated,editor,org.eclipse.jdt.ui,3.7.2.v20120109-1427,"org.eclipse.jdt.ui.CompilationUnitEditor",1517664473243
executed,command,org.eclipse.ui,3.7.0.v20110928-1505,"org.eclipse.ui.file.save",1517664474234
deactivated,workbench,org.eclipse.ui.workbench,3.7.1.v20120104-1859,"",1517664476160
activated,workbench,org.eclipse.ui.workbench,3.7.1.v20120104-1859,"",1517664500272
deactivated,workbench,org.eclipse.ui.workbench,3.7.1.v20120104-1859,"",1517664501427
activated,workbench,org.eclipse.ui.workbench,3.7.1.v20120104-1859,"",1517664557806
deactivated,workbench,org.eclipse.ui.workbench,3.7.1.v20120104-1859,"",1517664560361
activated,workbench,org.eclipse.ui.workbench,3.7.1.v20120104-1859,"",1517664586405
deactivated,workbench,org.eclipse.ui.workbench,3.7.1.v20120104-1859,"",1517664586863
activated,workbench,org.eclipse.ui.workbench,3.7.1.v20120104-1859,"",1517664588587
deactivated,workbench,org.eclipse.ui.workbench,3.7.1.v20120104-1859,"",1517664588967
activated,workbench,org.eclipse.ui.workbench,3.7.1.v20120104-1859,"",1517664593165
deactivated,workbench,org.eclipse.ui.workbench,3.7.1.v20120104-1859,"",1517664593596
activated,workbench,org.eclipse.ui.workbench,3.7.1.v20120104-1859,"",1517664596311
deactivated,workbench,org.eclipse.ui.workbench,3.7.1.v20120104-1859,"",1517664596918
activated,workbench,org.eclipse.ui.workbench,3.7.1.v20120104-1859,"",1517664754074
activated,view,org.eclipse.jdt.ui,3.7.2.v20120109-1427,"org.eclipse.jdt.ui.PackageExplorer",1517664774896
deactivated,workbench,org.eclipse.ui.workbench,3.7.1.v20120104-1859,"",1517664788465
activated,workbench,org.eclipse.ui.workbench,3.7.1.v20120104-1859,"",1517664800059
activated,editor,org.eclipse.jdt.ui,3.7.2.v20120109-1427,"org.eclipse.jdt.ui.CompilationUnitEditor",1517664811440
closed,view,org.eclipse.jdt.ui,3.7.2.v20120109-1427,"org.eclipse.jdt.ui.PackageExplorer",1517664811646
opened,view,org.eclipse.debug.ui,3.7.102.v20111129-1423_r372,"org.eclipse.debug.ui.DebugView",1517664817025
opened,view,org.eclipse.debug.ui,3.7.102.v20111129-1423_r372,"org.eclipse.debug.ui.VariableView",1517664817524
activated,perspective,org.eclipse.debug.ui,3.7.102.v20111129-1423_r372,"org.eclipse.debug.ui.DebugPerspective",1517664817682
executed,command,org.eclipse.ui,3.7.0.v20110928-1505,"org.eclipse.ui.perspectives.showPerspective",1517664817697
executed,command,org.eclipse.debug.ui,3.7.102.v20111129-1423_r372,"org.eclipse.debug.ui.DebugPerspective",1517664817697
opened,view,org.eclipse.debug.ui,3.7.102.v20111129-1423_r372,"org.eclipse.debug.ui.BreakpointView",1517664820521
closed,view,org.eclipse.debug.ui,3.7.102.v20111129-1423_r372,"org.eclipse.debug.ui.VariableView",1517664820577
activated,perspective,org.eclipse.mylyn.tasks.ui,,"org.eclipse.mylyn.tasks.ui.perspectives.planning",1517675849701
started,bundle,org.eclipse.osgi,3.7.2.v20120110-1415,"org.eclipse.osgi",1517675849703
started,bundle,org.eclipse.equinox.simpleconfigurator,1.0.200.v20110815-1438,"org.eclipse.equinox.simpleconfigurator",1517675849703
started,bundle,com.ibm.icu,4.4.2.v20110823,"com.ibm.icu",1517675849722
started,bundle,org.eclipse.compare.core,3.5.200.I20110208-0800,"org.eclipse.compare.core",1517675849723
started,bundle,org.eclipse.core.contenttype,3.4.100.v20110423-0524,"org.eclipse.core.contenttype",1517675849723
started,bundle,org.eclipse.core.databinding.observable,1.4.0.I20110222-0800,"org.eclipse.core.databinding.observable",1517675849724
started,bundle,org.eclipse.core.expressions,3.4.300.v20110228,"org.eclipse.core.expressions",1517675849725
started,bundle,org.eclipse.core.filebuffers,3.5.200.v20110928-1504,"org.eclipse.core.filebuffers",1517675849726
started,bundle,org.eclipse.core.filesystem,1.3.100.v20110423-0524,"org.eclipse.core.filesystem",1517675849727
started,bundle,org.eclipse.core.jobs,3.5.101.v20120113-1953,"org.eclipse.core.jobs",1517675849727
started,bundle,org.eclipse.core.net,1.2.100.I20110511-0800,"org.eclipse.core.net",1517675849729
started,bundle,org.eclipse.core.resources,3.7.101.v20120125-1505,"org.eclipse.core.resources",1517675849731
started,bundle,org.eclipse.core.runtime,3.7.0.v20110110,"org.eclipse.core.runtime",1517675849732
started,bundle,org.eclipse.core.runtime.compatibility,3.2.100.v20100505,"org.eclipse.core.runtime.compatibility",1517675849749
started,bundle,org.eclipse.core.runtime.compatibility.auth,3.2.200.v20110110,"org.eclipse.core.runtime.compatibility.auth",1517675849750
started,bundle,org.eclipse.core.variables,3.2.500.v20110928-1503,"org.eclipse.core.variables",1517675849762
started,bundle,org.eclipse.debug.core,3.7.1.v20111129-2031,"org.eclipse.debug.core",1517675849763
started,bundle,org.eclipse.draw2d,3.7.2.v20111017-2020,"org.eclipse.draw2d",1517675849763
started,bundle,org.eclipse.emf.common,2.7.0.v20120127-1122,"org.eclipse.emf.common",1517675849765
started,bundle,org.eclipse.emf.common.ui,2.7.0.v20120130-0943,"org.eclipse.emf.common.ui",1517675849766
started,bundle,org.eclipse.emf.ecore,2.7.0.v20120127-1122,"org.eclipse.emf.ecore",1517675849767
started,bundle,org.eclipse.emf.ecore.change,2.7.1.v20120127-1122,"org.eclipse.emf.ecore.change",1517675849768
started,bundle,org.eclipse.emf.ecore.edit,2.7.1.v20120130-0943,"org.eclipse.emf.ecore.edit",1517675849770
started,bundle,org.eclipse.emf.ecore.xmi,2.7.0.v20120127-1122,"org.eclipse.emf.ecore.xmi",1517675849771
started,bundle,org.eclipse.emf.edit,2.7.2.v20120130-0943,"org.eclipse.emf.edit",1517675849785
started,bundle,org.eclipse.emf.edit.ui,2.7.0.v20120130-0943,"org.eclipse.emf.edit.ui",1517675849802
started,bundle,org.eclipse.epp.mpc.ui,1.1.1.I20110907-0947,"org.eclipse.epp.mpc.ui",1517675849803
started,bundle,org.eclipse.epp.usagedata.gathering,1.3.1.R201106061540,"org.eclipse.epp.usagedata.gathering",1517675849803
started,bundle,org.eclipse.epp.usagedata.recording,1.3.1.R201106061540,"org.eclipse.epp.usagedata.recording",1517675849809
started,bundle,org.eclipse.equinox.app,1.3.100.v20110321,"org.eclipse.equinox.app",1517675849810
started,bundle,org.eclipse.equinox.common,3.6.0.v20110523,"org.eclipse.equinox.common",1517675849811
started,bundle,org.eclipse.equinox.ds,1.3.1.R37x_v20110701,"org.eclipse.equinox.ds",1517675849812
started,bundle,org.eclipse.equinox.event,1.2.100.v20110502,"org.eclipse.equinox.event",1517675849813
started,bundle,org.eclipse.equinox.p2.core,2.1.1.v20120113-1346,"org.eclipse.equinox.p2.core",1517675849814
started,bundle,org.eclipse.equinox.p2.directorywatcher,1.0.300.v20110815-1419,"org.eclipse.equinox.p2.directorywatcher",1517675849815
started,bundle,org.eclipse.equinox.p2.engine,2.1.1.R37x_v20111003,"org.eclipse.equinox.p2.engine",1517675849826
started,bundle,org.eclipse.equinox.p2.metadata,2.1.0.v20110815-1419,"org.eclipse.equinox.p2.metadata",1517675849842
started,bundle,org.eclipse.equinox.p2.metadata.repository,1.2.0.v20110815-1419,"org.eclipse.equinox.p2.metadata.repository",1517675849850
started,bundle,org.eclipse.equinox.p2.operations,2.1.1.R37x_v20111111,"org.eclipse.equinox.p2.operations",1517675849852
started,bundle,org.eclipse.equinox.p2.reconciler.dropins,1.1.100.v20110815-1419,"org.eclipse.equinox.p2.reconciler.dropins",1517675849853
started,bundle,org.eclipse.equinox.p2.repository,2.1.1.v20120113-1346,"org.eclipse.equinox.p2.repository",1517675849858
started,bundle,org.eclipse.equinox.p2.ui.sdk.scheduler,1.0.100.v20110815-1419,"org.eclipse.equinox.p2.ui.sdk.scheduler",1517675849858
started,bundle,org.eclipse.equinox.p2.updatechecker,1.1.200.v20110815-1419,"org.eclipse.equinox.p2.updatechecker",1517675849859
started,bundle,org.eclipse.equinox.preferences,3.4.2.v20120111-2020,"org.eclipse.equinox.preferences",1517675849860
started,bundle,org.eclipse.equinox.registry,3.5.101.R37x_v20110810-1611,"org.eclipse.equinox.registry",1517675849861
started,bundle,org.eclipse.equinox.security,1.1.1.R37x_v20110822-1018,"org.eclipse.equinox.security",1517675850368
started,bundle,org.eclipse.equinox.util,1.0.300.v20110502,"org.eclipse.equinox.util",1517675850370
started,bundle,org.eclipse.gef,3.7.2.v20111106-2020,"org.eclipse.gef",1517675850380
started,bundle,org.eclipse.help,3.5.100.v20110426,"org.eclipse.help",1517675850380
started,bundle,org.eclipse.jdt.apt.core,3.3.500.v20110420-1015,"org.eclipse.jdt.apt.core",1517675850381
started,bundle,org.eclipse.jdt.core,3.7.3.v20120119-1537,"org.eclipse.jdt.core",1517675850382
started,bundle,org.eclipse.jdt.core.manipulation,1.4.0.v20110928-1453,"org.eclipse.jdt.core.manipulation",1517675850383
started,bundle,org.eclipse.jdt.debug,3.7.1.v20111006_r372,"org.eclipse.jdt.debug",1517675850384
started,bundle,org.eclipse.jdt.junit,3.7.0.v20110928-1453,"org.eclipse.jdt.junit",1517675850384
started,bundle,org.eclipse.jdt.launching,3.6.1.v20111006_r372,"org.eclipse.jdt.launching",1517675850429
started,bundle,org.eclipse.jdt.ui,3.7.2.v20120109-1427,"org.eclipse.jdt.ui",1517675850429
started,bundle,org.eclipse.jface,3.7.0.v20110928-1505,"org.eclipse.jface",1517675850429
started,bundle,org.eclipse.jsch.core,1.1.300.I20110514-0800,"org.eclipse.jsch.core",1517675850430
started,bundle,org.eclipse.ltk.core.refactoring,3.5.201.r372_v20111101-0700,"org.eclipse.ltk.core.refactoring",1517675850431
started,bundle,org.eclipse.ltk.ui.refactoring,3.6.0.v20110928-1453,"org.eclipse.ltk.ui.refactoring",1517675850447
started,bundle,org.eclipse.mylyn.bugzilla.core,3.6.5.v20120123-0100,"org.eclipse.mylyn.bugzilla.core",1517675850448
started,bundle,org.eclipse.mylyn.bugzilla.ui,3.6.0.v20110608-1400,"org.eclipse.mylyn.bugzilla.ui",1517675850449
started,bundle,org.eclipse.mylyn.commons.identity,0.8.0.v20110608-1400,"org.eclipse.mylyn.commons.identity",1517675850449
started,bundle,org.eclipse.mylyn.commons.net,3.6.0.v20110608-1400,"org.eclipse.mylyn.commons.net",1517675850449
started,bundle,org.eclipse.mylyn.commons.ui,3.6.1.v20110720-0100,"org.eclipse.mylyn.commons.ui",1517675850450
started,bundle,org.eclipse.mylyn.context.core,3.6.1.v20110720-0100,"org.eclipse.mylyn.context.core",1517675850450
started,bundle,org.eclipse.mylyn.context.ui,3.6.1.v20120112-0100,"org.eclipse.mylyn.context.ui",1517675850452
started,bundle,org.eclipse.mylyn.monitor.ui,3.6.0.v20110608-1400,"org.eclipse.mylyn.monitor.ui",1517675850453
started,bundle,org.eclipse.mylyn.tasks.ui,3.6.5.v20120215-0100,"org.eclipse.mylyn.tasks.ui",1517675850454
started,bundle,org.eclipse.mylyn.team.ui,3.6.1.v20110825-0100,"org.eclipse.mylyn.team.ui",1517675850454
started,bundle,org.eclipse.pde.launching,3.6.0.v20110506,"org.eclipse.pde.launching",1517675850455
started,bundle,org.eclipse.pde.ui,3.6.100.v20120103_r372,"org.eclipse.pde.ui",1517675850465
started,bundle,org.eclipse.search,3.7.0.v20110928-1504,"org.eclipse.search",1517675850466
started,bundle,org.eclipse.team.core,3.6.0.I20110525-0800,"org.eclipse.team.core",1517675850466
started,bundle,org.eclipse.team.cvs.core,3.3.400.I20110510-0800,"org.eclipse.team.cvs.core",1517675850467
started,bundle,org.eclipse.team.cvs.ui,3.3.401.v20120126-1227,"org.eclipse.team.cvs.ui",1517675850468
started,bundle,org.eclipse.team.ui,3.6.101.R37x_v20111109-0800,"org.eclipse.team.ui",1517675850468
started,bundle,org.eclipse.ui,3.7.0.v20110928-1505,"org.eclipse.ui",1517675850480
started,bundle,org.eclipse.ui.console,3.5.100.v20111007_r372,"org.eclipse.ui.console",1517675850484
started,bundle,org.eclipse.ui.editors,3.7.0.v20110928-1504,"org.eclipse.ui.editors",1517675850484
started,bundle,org.eclipse.ui.forms,3.5.101.v20111011-1919,"org.eclipse.ui.forms",1517675850485
started,bundle,org.eclipse.ui.ide,3.7.0.v20110928-1505,"org.eclipse.ui.ide",1517675850494
started,bundle,org.eclipse.ui.net,1.2.100.v20111208-1155,"org.eclipse.ui.net",1517675850495
started,bundle,org.eclipse.ui.presentations.r21,3.2.200.I20100517-1500,"org.eclipse.ui.presentations.r21",1517675850496
started,bundle,org.eclipse.ui.views,3.6.0.v20110928-1505,"org.eclipse.ui.views",1517675850497
started,bundle,org.eclipse.ui.views.log,1.0.200.v20110404,"org.eclipse.ui.views.log",1517675850498
started,bundle,org.eclipse.ui.workbench,3.7.1.v20120104-1859,"org.eclipse.ui.workbench",1517675850509
started,bundle,org.eclipse.ui.workbench.texteditor,3.7.0.v20110928-1504,"org.eclipse.ui.workbench.texteditor",1517675850510
started,bundle,org.eclipse.uml2.common,1.6.0.v201105021727,"org.eclipse.uml2.common",1517675850511
started,bundle,org.eclipse.uml2.common.edit,1.5.0.v201005031530,"org.eclipse.uml2.common.edit",1517675850511
started,bundle,org.eclipse.uml2.uml,3.2.100.v201108110105,"org.eclipse.uml2.uml",1517675850512
started,bundle,org.eclipse.uml2.uml.edit,3.1.100.v201009281840,"org.eclipse.uml2.uml.edit",1517675850513
started,bundle,org.eclipse.update.configurator,3.3.100.v20100512,"org.eclipse.update.configurator",1517675850514
started,bundle,org.eclipse.update.core,3.2.500.v20110330,"org.eclipse.update.core",1517675850540
started,bundle,org.eclipse.update.scheduler,3.2.300.v20100512,"org.eclipse.update.scheduler",1517675850540
started,bundle,com.soyatec.additional,3.7.1.20110624,"com.soyatec.additional",1517675850540
started,bundle,com.soyatec.core,3.7.1.20110624,"com.soyatec.core",1517675850556
started,bundle,com.soyatec.diagrams,3.7.1.20110624,"com.soyatec.diagrams",1517675850557
started,bundle,com.soyatec.model,3.7.1.20110624,"com.soyatec.model",1517675850561
os,sysinfo,,,"win32",1517675850564
arch,sysinfo,,,"x86_64",1517675850564
ws,sysinfo,,,"win32",1517675850564
locale,sysinfo,,,"en_US",1517675850564
processors,sysinfo,,,"4",1517675850564
java.runtime.name,sysinfo,,,"Java(TM) SE Runtime Environment",1517675850564
java.runtime.version,sysinfo,,,"1.8.0_151-b12",1517675850564
java.specification.name,sysinfo,,,"Java Platform API Specification",1517675850564
java.specification.vendor,sysinfo,,,"Oracle Corporation",1517675850564
java.specification.version,sysinfo,,,"1.8",1517675850564
java.vendor,sysinfo,,,"Oracle Corporation",1517675850564
java.version,sysinfo,,,"1.8.0_151",1517675850564
java.vm.info,sysinfo,,,"mixed mode",1517675850564
java.vm.name,sysinfo,,,"Java HotSpot(TM) 64-Bit Server VM",1517675850564
java.vm.specification.name,sysinfo,,,"Java Virtual Machine Specification",1517675850564
java.vm.specification.vendor,sysinfo,,,"Oracle Corporation",1517675850564
java.vm.specification.version,sysinfo,,,"1.8",1517675850564
java.vm.vendor,sysinfo,,,"Oracle Corporation",1517675850564
java.vm.version,sysinfo,,,"25.151-b12",1517675850564
deactivated,workbench,org.eclipse.ui.workbench,3.7.1.v20120104-1859,"",1517675850585
activated,workbench,org.eclipse.ui.workbench,3.7.1.v20120104-1859,"",1517675853489
opened,view,org.eclipse.ui.ide,3.7.0.v20110928-1505,"org.eclipse.ui.views.ResourceNavigator",1517675888935
started,bundle,org.eclipse.jgit,1.3.0.201202151440-r,"org.eclipse.jgit",1517675889001
started,bundle,org.eclipse.egit.core,1.3.0.201202151440-r,"org.eclipse.egit.core",1517675889060
started,bundle,org.eclipse.egit.ui,1.3.0.201202151440-r,"org.eclipse.egit.ui",1517675889122
activated,view,org.eclipse.ui.ide,3.7.0.v20110928-1505,"org.eclipse.ui.views.ResourceNavigator",1517675889155
executed,command,org.eclipse.ui,3.7.0.v20110928-1505,"org.eclipse.ui.views.showView",1517675889157
activated,editor,com.soyatec.euml2.free,,"com.soyatec.uml.ClassDiagramEditor",1517675899254
activated,editor,org.eclipse.jdt.ui,3.7.2.v20120109-1427,"org.eclipse.jdt.ui.CompilationUnitEditor",1517675901941
closed,editor,com.soyatec.euml2.free,,"com.soyatec.uml.ClassDiagramEditor",1517675901945
activated,editor,com.soyatec.euml2.free,,"com.soyatec.uml.ClassDiagramEditor",1517675903459
activated,editor,org.eclipse.jdt.ui,3.7.2.v20120109-1427,"org.eclipse.jdt.ui.CompilationUnitEditor",1517675904430
closed,editor,com.soyatec.euml2.free,,"com.soyatec.uml.ClassDiagramEditor",1517675904430
closed,editor,com.soyatec.euml2.free,,"com.soyatec.uml.ClassDiagramEditor",1517675905484
closed,editor,com.soyatec.euml2.free,,"com.soyatec.uml.ClassDiagramEditor",1517675906470
opened,view,org.eclipse.mylyn.tasks.ui,3.6.5.v20120215-0100,"org.eclipse.mylyn.tasks.ui.views.tasks",1517675934365
activated,view,org.eclipse.mylyn.tasks.ui,3.6.5.v20120215-0100,"org.eclipse.mylyn.tasks.ui.views.tasks",1517675934449
executed,command,org.eclipse.ui,3.7.0.v20110928-1505,"org.eclipse.ui.views.showView",1517675934458
activated,editor,org.eclipse.jdt.ui,3.7.2.v20120109-1427,"org.eclipse.jdt.ui.CompilationUnitEditor",1517675936419
started,bundle,org.eclipse.debug.ui,3.7.102.v20111129-1423_r372,"org.eclipse.debug.ui",1517675938519
started,bundle,org.eclipse.jdt.debug.ui,3.6.1.v20111006_r372,"org.eclipse.jdt.debug.ui",1517675938953
executed,command,org.eclipse.debug.ui,3.7.102.v20111129-1423_r372,"org.eclipse.debug.ui.commands.RunLast",1517675938994
opened,view,org.eclipse.ui.console,3.5.100.v20111007_r372,"org.eclipse.ui.console.ConsoleView",1517675939853
activated,view,org.eclipse.ui.console,3.5.100.v20111007_r372,"org.eclipse.ui.console.ConsoleView",1517675941995
deactivated,workbench,org.eclipse.ui.workbench,3.7.1.v20120104-1859,"",1517675950338
activated,workbench,org.eclipse.ui.workbench,3.7.1.v20120104-1859,"",1517675951038
deactivated,workbench,org.eclipse.ui.workbench,3.7.1.v20120104-1859,"",1517675951662
activated,workbench,org.eclipse.ui.workbench,3.7.1.v20120104-1859,"",1517675974137
activated,view,org.eclipse.ui.ide,3.7.0.v20110928-1505,"org.eclipse.ui.views.ResourceNavigator",1517675975734
activated,view,org.eclipse.ui.console,3.5.100.v20111007_r372,"org.eclipse.ui.console.ConsoleView",1517676011706
closed,view,org.eclipse.ui.ide,3.7.0.v20110928-1505,"org.eclipse.ui.views.ResourceNavigator",1517676011765
deactivated,workbench,org.eclipse.ui.workbench,3.7.1.v20120104-1859,"",1517676015408
activated,workbench,org.eclipse.ui.workbench,3.7.1.v20120104-1859,"",1517676017342
executed,command,org.eclipse.ui,3.7.0.v20110928-1505,"org.eclipse.ui.perspectives.showPerspective",1517676017355
executed,command,org.eclipse.ui,3.7.0.v20110928-1505,"org.eclipse.ui.perspectives.showPerspective",1517676017355
deactivated,workbench,org.eclipse.ui.workbench,3.7.1.v20120104-1859,"",1517676024186
activated,workbench,org.eclipse.ui.workbench,3.7.1.v20120104-1859,"",1517676026120
executed,command,org.eclipse.ui,3.7.0.v20110928-1505,"org.eclipse.ui.views.showView",1517676030603
activated,view,org.eclipse.mylyn.tasks.ui,3.6.5.v20120215-0100,"org.eclipse.mylyn.tasks.ui.views.tasks",1517676039580
executed,command,org.eclipse.ui,3.7.0.v20110928-1505,"org.eclipse.ui.views.showView",1517676039580
activated,view,org.eclipse.ui.console,3.5.100.v20111007_r372,"org.eclipse.ui.console.ConsoleView",1517676041327
deactivated,workbench,org.eclipse.ui.workbench,3.7.1.v20120104-1859,"",1517676042694
activated,workbench,org.eclipse.ui.workbench,3.7.1.v20120104-1859,"",1517676047051
executed,command,org.eclipse.ui,3.7.0.v20110928-1505,"org.eclipse.ui.newWizard",1517676047057
activated,editor,org.eclipse.jdt.ui,3.7.2.v20120109-1427,"org.eclipse.jdt.ui.CompilationUnitEditor",1517676050254
deactivated,workbench,org.eclipse.ui.workbench,3.7.1.v20120104-1859,"",1517676052515
activated,workbench,org.eclipse.ui.workbench,3.7.1.v20120104-1859,"",1517676061250
opened,view,org.eclipse.ui.views,3.6.0.v20110928-1505,"org.eclipse.ui.views.PropertySheet",1517676068649
activated,view,org.eclipse.ui.views,3.6.0.v20110928-1505,"org.eclipse.ui.views.PropertySheet",1517676068756
executed,command,org.eclipse.ui,3.7.0.v20110928-1505,"org.eclipse.ui.views.showView",1517676068756
activated,editor,org.eclipse.jdt.ui,3.7.2.v20120109-1427,"org.eclipse.jdt.ui.CompilationUnitEditor",1517676071564
closed,view,org.eclipse.ui.views,3.6.0.v20110928-1505,"org.eclipse.ui.views.PropertySheet",1517676071579
opened,view,org.eclipse.ui.ide,3.7.0.v20110928-1505,"org.eclipse.ui.views.ResourceNavigator",1517676076854
activated,view,org.eclipse.ui.ide,3.7.0.v20110928-1505,"org.eclipse.ui.views.ResourceNavigator",1517676076938
executed,command,org.eclipse.ui,3.7.0.v20110928-1505,"org.eclipse.ui.views.showView",1517676076939
executed,command,org.eclipse.ui,3.7.0.v20110928-1505,"org.eclipse.ui.navigate.collapseAll",1517676083927
executed,command,org.eclipse.ui,3.7.0.v20110928-1505,"org.eclipse.ui.navigate.linkWithEditor",1517676085355
executed,command,org.eclipse.ui,3.7.0.v20110928-1505,"org.eclipse.ui.navigate.linkWithEditor",1517676086194
activated,editor,org.eclipse.jdt.ui,3.7.2.v20120109-1427,"org.eclipse.jdt.ui.CompilationUnitEditor",1517676089364
closed,view,org.eclipse.ui.ide,3.7.0.v20110928-1505,"org.eclipse.ui.views.ResourceNavigator",1517676089402
closed,workbench,org.eclipse.ui.workbench,3.7.1.v20120104-1859,"",1517676094998
started,bundle,org.eclipse.compare,3.5.202.R37x_v20111109-0800,"org.eclipse.compare",1517676095547
stopped,bundle,org.eclipse.mylyn.ide.ant,3.6.0.v20110608-1400,"org.eclipse.mylyn.ide.ant",1517676095992
stopped,bundle,org.eclipse.emf.eef.codegen.ecore,1.0.2.v20120216-1513,"org.eclipse.emf.eef.codegen.ecore",1517676096024
stopped,bundle,org.eclipse.emf.eef.codegen,1.0.2.v20120216-1513,"org.eclipse.emf.eef.codegen",1517676096056
stopped,bundle,org.eclipse.mylyn.pde.ui,3.6.0.v20110608-1400,"org.eclipse.mylyn.pde.ui",1517676096084
stopped,bundle,org.eclipse.pde.api.tools.ui,1.0.301.v20110803_r371,"org.eclipse.pde.api.tools.ui",1517676096084
stopped,bundle,org.eclipse.pde.ds.ui,1.0.100.v20111213-1754,"org.eclipse.pde.ds.ui",1517676096098
stopped,bundle,com.soyatec.eemf,3.7.1.20110624,"com.soyatec.eemf",1517676096119
stopped,bundle,com.soyatec.additional,3.7.1.20110624,"com.soyatec.additional",1517676096119
stopped,bundle,com.soyatec.core,3.7.1.20110624,"com.soyatec.core",1517676096120
activated,perspective,org.eclipse.mylyn.tasks.ui,,"org.eclipse.mylyn.tasks.ui.perspectives.planning",1517676197964
started,bundle,org.eclipse.osgi,3.7.2.v20120110-1415,"org.eclipse.osgi",1517676197966
started,bundle,org.eclipse.equinox.simpleconfigurator,1.0.200.v20110815-1438,"org.eclipse.equinox.simpleconfigurator",1517676197967
started,bundle,com.ibm.icu,4.4.2.v20110823,"com.ibm.icu",1517676197967
started,bundle,org.eclipse.compare.core,3.5.200.I20110208-0800,"org.eclipse.compare.core",1517676197968
started,bundle,org.eclipse.core.contenttype,3.4.100.v20110423-0524,"org.eclipse.core.contenttype",1517676197968
started,bundle,org.eclipse.core.databinding.observable,1.4.0.I20110222-0800,"org.eclipse.core.databinding.observable",1517676197969
started,bundle,org.eclipse.core.expressions,3.4.300.v20110228,"org.eclipse.core.expressions",1517676197970
started,bundle,org.eclipse.core.filebuffers,3.5.200.v20110928-1504,"org.eclipse.core.filebuffers",1517676197970
started,bundle,org.eclipse.core.filesystem,1.3.100.v20110423-0524,"org.eclipse.core.filesystem",1517676197972
started,bundle,org.eclipse.core.jobs,3.5.101.v20120113-1953,"org.eclipse.core.jobs",1517676197973
started,bundle,org.eclipse.core.net,1.2.100.I20110511-0800,"org.eclipse.core.net",1517676197974
started,bundle,org.eclipse.core.resources,3.7.101.v20120125-1505,"org.eclipse.core.resources",1517676197974
started,bundle,org.eclipse.core.runtime,3.7.0.v20110110,"org.eclipse.core.runtime",1517676197975
started,bundle,org.eclipse.core.runtime.compatibility,3.2.100.v20100505,"org.eclipse.core.runtime.compatibility",1517676197976
started,bundle,org.eclipse.core.runtime.compatibility.auth,3.2.200.v20110110,"org.eclipse.core.runtime.compatibility.auth",1517676197977
started,bundle,org.eclipse.debug.core,3.7.1.v20111129-2031,"org.eclipse.debug.core",1517676197977
started,bundle,org.eclipse.emf.common,2.7.0.v20120127-1122,"org.eclipse.emf.common",1517676197978
started,bundle,org.eclipse.emf.ecore,2.7.0.v20120127-1122,"org.eclipse.emf.ecore",1517676197979
started,bundle,org.eclipse.emf.ecore.xmi,2.7.0.v20120127-1122,"org.eclipse.emf.ecore.xmi",1517676197980
started,bundle,org.eclipse.epp.mpc.ui,1.1.1.I20110907-0947,"org.eclipse.epp.mpc.ui",1517676197982
started,bundle,org.eclipse.epp.usagedata.gathering,1.3.1.R201106061540,"org.eclipse.epp.usagedata.gathering",1517676197983
started,bundle,org.eclipse.epp.usagedata.recording,1.3.1.R201106061540,"org.eclipse.epp.usagedata.recording",1517676197983
started,bundle,org.eclipse.equinox.app,1.3.100.v20110321,"org.eclipse.equinox.app",1517676197984
started,bundle,org.eclipse.equinox.common,3.6.0.v20110523,"org.eclipse.equinox.common",1517676197985
